epoch,loss,lr,rgb_o_accuracy,rgb_o_loss,seg_o_accuracy,seg_o_loss,traj_o_accuracy,traj_o_loss,val_loss,val_rgb_o_accuracy,val_rgb_o_loss,val_seg_o_accuracy,val_seg_o_loss,val_traj_o_accuracy,val_traj_o_loss
0,3.2929611206054688,1e-04,0.675000011920929,0.6445682048797607,0.7250000238418579,0.6348013877868652,0.699999988079071,0.6766452193260193,3.053036689758301,0.7400000095367432,0.6562368273735046,0.7400000095367432,0.5669509768486023,0.7350000143051147,0.582065761089325
